[
  {
    "student_id": "21/1/522",
    "first_name": "Stanley Osondu",
    "class_name": "SS2",
    "number_of_subject": 3,
    "subjects": {
      "maths": {
        "tests": [
          9,
          9,
          7
        ],
        "total_test": 25,
        "cbt": 22,
        "theory_exam": 37,
        "total_exam": 59,
        "overall_mark": 84,
        "grade": "A",
        "status": "Passed"
      },
      "English": {
        "tests": [
          9,
          8,
          8
        ],
        "total_test": 25,
        "cbt": 25,
        "theory_exam": 35,
        "total_exam": 60,
        "overall_mark": 85,
        "grade": "A",
        "status": "Passed"
      },
      "lathin": {
        "tests": [
          9,
          7,
          7
        ],
        "total_test": 23,
        "cbt": 29,
        "theory_exam": 40,
        "total_exam": 69,
        "overall_mark": 92,
        "grade": "A",
        "status": "Passed"
      }
    },
    "total_marks": 261,
    "average_marks": 87.0,
    "Grade": "A",
    "Status": "Passed"
  },
  {
    "student_id": "21/1/520",
    "first_name": "Stanley Oson",
    "class_name": "SS2",
    "number_of_subject": 3,
    "subjects": {
      "maths": {
        "tests": [
          9,
          9,
          9
        ],
        "total_test": 27,
        "cbt": 22,
        "theory_exam": 33,
        "total_exam": 55,
        "overall_mark": 82,
        "grade": "A",
        "status": "Passed"
      },
      "English": {
        "tests": [
          9,
          8,
          9
        ],
        "total_test": 26,
        "cbt": 22,
        "theory_exam": 33,
        "total_exam": 55,
        "overall_mark": 81,
        "grade": "A",
        "status": "Passed"
      },
      "lathin": {
        "tests": [
          9,
          7,
          9
        ],
        "total_test": 25,
        "cbt": 25,
        "theory_exam": 39,
        "total_exam": 64,
        "overall_mark": 89,
        "grade": "A",
        "status": "Passed"
      }
    },
    "total_marks": 252,
    "average_marks": 84.0,
    "Grade": "A",
    "Status": "Passed"
  },
  {
    "student_id": "S001",
    "first_name": "Testy",
    "class_name": "JSS1",
    "number_of_subject": 2,
    "subjects": {
      "Math": {
        "tests": [
          8,
          7,
          9
        ],
        "total_test": 24,
        "cbt": 25,
        "theory_exam": 35,
        "total_exam": 60,
        "overall_mark": 84,
        "grade": "A",
        "status": "Passed"
      },
      "English": {
        "tests": [
          6,
          7,
          8
        ],
        "total_test": 21,
        "cbt": 20,
        "theory_exam": 30,
        "total_exam": 50,
        "overall_mark": 71,
        "grade": "B",
        "status": "Passed"
      }
    },
    "total_marks": 155,
    "average_marks": 77.5,
    "Grade": "A",
    "Status": "Passed"
  }
]