{
    "testuser": [
        {
            "student_id": "S001",
            "first_name": "NewTest",
            "class_name": "JSS1",
            "number_of_subject": 2,
            "subjects": {
                "Math": {
                    "tests": [
                        8,
                        7,
                        9
                    ],
                    "total_test": 24,
                    "cbt": 25,
                    "theory_exam": 35,
                    "total_exam": 60,
                    "overall_mark": 84,
                    "grade": "A",
                    "status": "Passed"
                },
                "English": {
                    "tests": [
                        6,
                        7,
                        8
                    ],
                    "total_test": 21,
                    "cbt": 20,
                    "theory_exam": 30,
                    "total_exam": 50,
                    "overall_mark": 71,
                    "grade": "B",
                    "status": "Passed"
                }
            },
            "total_marks": 155,
            "average_marks": 77.5,
            "Grade": "A",
            "Status": "Passed"
        }
    ],
    "thoroughuser": [
        {
            "student_id": "T001",
            "first_name": "ThoroughEdited",
            "class_name": "JSS2",
            "number_of_subject": 2,
            "subjects": {
                "Math": {
                    "tests": [
                        9,
                        8,
                        10
                    ],
                    "total_test": 27,
                    "cbt": 28,
                    "theory_exam": 38,
                    "total_exam": 66,
                    "overall_mark": 93,
                    "grade": "A",
                    "status": "Passed"
                },
                "English": {
                    "tests": [
                        7,
                        8,
                        9
                    ],
                    "total_test": 24,
                    "cbt": 22,
                    "theory_exam": 32,
                    "total_exam": 54,
                    "overall_mark": 78,
                    "grade": "A",
                    "status": "Passed"
                }
            },
            "total_marks": 171,
            "average_marks": 85.5,
            "Grade": "A",
            "Status": "Passed"
        }
    ],
    "stanley osondu": [
        {
            "student_id": "21/1/520",
            "first_name": "Stanley Oson",
            "class_name": "SS2",
            "number_of_subject": 3,
            "subjects": {
                "maths": {
                    "tests": [
                        9,
                        9,
                        9
                    ],
                    "total_test": 27,
                    "cbt": 22,
                    "theory_exam": 33,
                    "total_exam": 55,
                    "overall_mark": 82,
                    "grade": "A",
                    "status": "Passed"
                },
                "English": {
                    "tests": [
                        9,
                        9,
                        9
                    ],
                    "total_test": 27,
                    "cbt": 22,
                    "theory_exam": 33,
                    "total_exam": 55,
                    "overall_mark": 82,
                    "grade": "A",
                    "status": "Passed"
                },
                "lathin": {
                    "tests": [
                        9,
                        9,
                        9
                    ],
                    "total_test": 27,
                    "cbt": 22,
                    "theory_exam": 33,
                    "total_exam": 55,
                    "overall_mark": 82,
                    "grade": "A",
                    "status": "Passed"
                }
            },
            "total_marks": 246,
            "average_marks": 82.0,
            "Grade": "A",
            "Status": "Passed"
        },
        {
            "student_id": "21/1/515",
            "first_name": "Stanley Oson",
            "class_name": "SS2",
            "number_of_subject": 3,
            "subjects": {
                "maths": {
                    "tests": [
                        9,
                        9,
                        9
                    ],
                    "total_test": 27,
                    "cbt": 22,
                    "theory_exam": 34,
                    "total_exam": 56,
                    "overall_mark": 83,
                    "grade": "A",
                    "status": "Passed"
                },
                "English": {
                    "tests": [
                        8,
                        7,
                        9
                    ],
                    "total_test": 24,
                    "cbt": 22,
                    "theory_exam": 36,
                    "total_exam": 58,
                    "overall_mark": 82,
                    "grade": "A",
                    "status": "Passed"
                },
                "lathin": {
                    "tests": [
                        9,
                        6,
                        9
                    ],
                    "total_test": 24,
                    "cbt": 27,
                    "theory_exam": 37,
                    "total_exam": 64,
                    "overall_mark": 88,
                    "grade": "A",
                    "status": "Passed"
                }
            },
            "total_marks": 253,
            "average_marks": 84.33333333333333,
            "Grade": "A",
            "Status": "Passed"
        }
    ]
}