student_id,first_name,class_name,subject,test1,test2,test3,total_test,cbt,theory_exam,total_exam,overall_mark,grade,status
S001,Testy,JSS1,Math,8,7,9,24,25,35,60,84,A,Passed
S001,Testy,JSS1,English,6,7,8,21,20,30,50,71,B,Passed
21/1/522,Stanley Osondu,SS2,maths,9,9,7,25,22,37,59,84,A,Passed
21/1/522,Stanley Osondu,SS2,English,9,8,8,25,25,35,60,85,A,Passed
21/1/522,Stanley Osondu,SS2,lathin,9,7,7,23,29,40,69,92,A,Passed
21/1/520,Stanley Oson,SS2,maths,9,9,9,27,22,33,55,82,A,Passed
21/1/520,Stanley Oson,SS2,English,9,8,9,26,22,33,55,81,A,Passed
21/1/520,Stanley Oson,SS2,lathin,9,7,9,25,25,39,64,89,A,Passed
